美 격전지서 4,000여표 분실···우편투표 논란 커지나	2020.11.06. 오후 4:08	펜실베이니아, 노스캐롤라이나 표 분실 미연방우체국 "직원 실수로 분실가능성" 미 캘리포니아에서 5일(현지시간) 한 근로자가 선거 마감일까지 발송된 투표용지를 운반하고 있다./AP=연합뉴스  [서울경제] 도널드 트럼프 미 대통령이 우편투표와 관련 법정 소송을 시사한 가운데 격전지인 펜실베이니아와 노스캐롤라이나주에서 우편투표가 분실됐다는 미 언론 보도가 나와 주목된다.  우편투표 과정에서 논란이 커질 경우 미국은 대선 후 극도의 혼란에 빠져들 것으로 우려된다.  불룸버그통신은 6일(현지시간) 미연방우체국(USPS)의 자체 조사결과 격전지인 펜실베이니아와 노스캐롤라이나주에서 사전 우표투표 약 4,250표가 분실된 것으로 나타났다고 보도했다.  보도에 따르면 USPS는 이날 워싱턴DC 연방지방법원에서 에밋 설리번 판사의 심리로 속개된 재판에서 관련 자료를 내면서 “직원들이 일부 우편투표 용지의 봉투 스캔 작업을 빠뜨렸을 수 있다”고 분실 이유를 설명했다.  로이터통신은 이 가운데 펜실베이니아주의 우편물 집하장 3곳에서 약 1,700표를 5일 확인해 개표소에 배달 중이라고 전했다.  USPS가 법원에 제출한 자료에 따르면 선거일보다 하루 늦은 지난 4일 하루 미국 전역에서 약 15만 표의 우편투표 용지가 해당 개표소에 최종 도착했다. 주에 따라 선거 당일 도착분까지 유효표로 인정하는 만큼 배달 지연으로 일부 표가 무효가 됐을 가능성도 있고, USPS의 자료만으로는 이런 무효표의 수를 파악하기 어렵다.  이에 대해 USPS의 데이비드 파튼하이머 대변인은 “우체국은 시스템에 취합된 모든 우편물을 배달할 법정 의무가 있다”며 “의문이 제기된 우편투표 용지의 97%가 규정에 따라 제시간에 배달됐다”라고 해명했다. 이번 소송을 낸 전미흑인지위향상협회(NAACP) 측 변호인은 “배달 지연으로 집계되지 않은 우편투표 한장 한장이 우리의 민주주의에 반영되지 않은 목소리다”라며 “모든 표가 개표되도록 최선을 다하겠다”라고 말했다.   이번 재판은 USPS가 사전 우편투표 용지를 신속히 배달할 수 있는 데도 관련 규정과 장비를 개선하는 데 적극적이지 않아 결과적으로 참정권 행사를 방해한다면서 NAACP가 소송을 제기해 개시됐다.  사전 우편투표는 대체로 조 바이든 민주당 대선 후보에 유리한 것으로 분석된다. 펜실베이니아는 바이든 후보가 초반 개표 때 득표율 10%포인트 이상 뒤졌지만 후반에 우편투표가 개표되면서 초박빙 경합지역으로 양상이 변했다. /박우인기자 wipark@sedaily.com  ▶ '3분'만 투자하세요 [김영필의 월스트리트] ▶ 커피처럼 즐기는 기업 이야기 [비즈카페] ▶ 네이버 채널에서 '서울경제' 구독해주세요!   저작권자 ⓒ 서울경제, 무단 전재 및 재배포 금지	
0	그러니까 ㅋㅋㅋ 미국애들처럼 땅이 엄청 넓은것도 아니고 완전 도서산관지역 아닌 이상 유권자 집 10분내 거리에 투표소 다 설치되고 심지어 투표일이 법정공휴일인데 굳이 쌩돈 들여가며 왜 사전투표하는지 노이해 ;	44	11
0	안대용 ㅋㅋ 그럼 그재앙이당이 집권못함	18	2
0	노는놈들.  근무 빡세게해봐.	7	8
0	사전투표로 인해 투표율이 굉장히 상승하고 민주주의 가치가 재고되고 있는데 유독 '자유민주주의' 외치는 세력들이 사전투표 반대하더라	67	32
0	민의를 최대 다수의 최대 반영을시키기 위해선 필요한 제도입니다. 다수가 선거에 참여 할 수록 선거 결과에 대한 불복이 없고 국가의 국정운영이 원활해 집니다	18	2
0	법정공휴일이니 그날 해라? 근데 안쉬는 회사 엄청 많아요. 그런 회사 다니는 사람들 대부분은 돈없고 빽없는 사람들이고. 신고해라? 직장 짤릴까봐 다들 못하죠. 지금 상황에서 다른 대책 없이 사전투표 없어지면 돈있는 기득권층만 그들 이익만 대변하는 사람을 뽑을 수 있는 선거하게 되는 세상이 될겁니다.	30	20
0	hana 너 백수냐? 사전투표 폐지를하면 멀리나가서 일하는사람들은? 니가 백수라 단사람도 백수라 생각하지마라 잡 넘아	17	9
0	틀딱들은 자기들 할 일 없으니까 남들도 그런줄 ㅋㅋㅋㅋㅋㅋㅋㅋㅋㅋㅋㅋ	0	0
0	사전투표로 보수 표가 올라가면 사전투표 확대해야한다고 할 넘들이 ㅋㅋㅋㅋㅋㅋㅋㅋㅋㅋㅋㅋㅋㅋㅋ	33	6
0	사전투표로 투표율이 올라가는게  아니라 조작투표가 올라가는거겠지 ㅋㅋ	15	15
0	제대로 감시할 생각은 안하고 폐지할라고만 하네	2	1
0	대통령이 직접 나서서 사전투표 장려했었죠~	1	1
0	누가 들으면 사전투표 때문에 토왜당이 발린줄 알겠네..ㅋㅋ 니들 수준이 딱 거기까지야.. ㅋㅋ	11	4
0	집에서 할일없이 놀기만 하니 뭘 알겠나.. 그러니 가짜 뉴스나 보고 있는거지..   너같은 넘들은 언제나 투표할수 있지만 안 그런 사람도 많다..  등  시인아	2	0
0	juve*** 법정 공휴일이라해도 직업특성상 출근해야 하는사람들도 잇는거고요 투표 유권자들이 그날 전부 쉬는줄아나..	2	0
0	난 사전투표 없을 때는 한번도 투표한적 없는데, 사전투표 있고나서부터는 매번 꼬바꼬박 투표한다.. 민주주의라면 가능한 많인 유권자들이 투표를 하는게 맞지 않냐?	11	2
0	새벽 6시부터 투표소 오픈하는데 무슨 일 다니면서도 투표못한거처럼ㅋㅋ 출근 6시까지 하는 사람만 인정	2	0
0	왜 니들한테 불리하니까? 그냥 젊은 애들은 놀러나 다니라는 거자나? 참나 투표율이 상승하면 긴장 하는 게 그게 옳바른 정당이냐? 이참에 미국도 한국도 보수가 전멸해서 다행이라 생각한다. 사전투표 폐지라ㅋㅋ	5	1
0	타지역에서 학교 및 직장 다니는 유권자는 투표하지 말라는 겁니까? 투표를 수요일에 하는데 서울에서 경남 거제나 강원 속초 같은 곳 가기에는 시간이 없어서 선거권을 행사하지 못하는 사람들이 많아져서 만들어진게 사전투표제 입니다. 민주국가라면 최대한 많은 국민들이 선거권 행사할 수 있도록 해야합니다.	2	0
0	극우 유튜버들이 사전투표 문제있다고 선동하니까, 나이든 경상도애들이 그거 믿고 총선에서 사전투표 안했는데, 그걸가지고 사전투표에서 민주당 몰표나왔다고 부정선거 증거라고 하니 어이가 없는거지 ㅋㅋㅋ 이준석이랑 변희재 말하는거봐라 ㅋㅋ 사전투표는 민주당 몰표나오는게 정상이다 ㅉㅉㅉ	4	2
0	박ㄹ혜가 잘못했네	0	0
0	팩트)사전투표의 모든과정은 각 당원들 1명씩이 현장에 파견되서 지켜본다	3	0
0	우편투표가 바이든 표가 많은 게 문제가 아니라 우편투표 시스템 자체가 너무 허술하고 시스템적 문제가 있으므로 면밀하게 살펴봐야 한다는 것이다!! 문빠들은 니편 내편 밖에는 몰라?? 결국 누가 되든 문제라고!!	1	0
0	삼림 빵상자에 투표용지가 들어있고, 저장소엔 CCTV도 없고, 투표한 사람보다 투표 수가 더 많이 나오고, 투표 지역이 아닌 다른 지역에서 표가 나오고, 공휴일에 아무도 모르게 서버 교체하고 해도 그냥 무조건 사전투표 실시하고 믿어라? 에라이~	2	3
0	니들처럼 노는줄 아냐? 일하는 사람 많다. 특히 저소득층. 왜 그분들은 투표하면 안됭?	0	0
0	트럼프는 우편투표를 문제삼는건데 사전(현장)투표를 왜 없애냐?	1	0
0	진짜 꼴보 꼰대들 다 나가 뒈졌으몈	0	0
0	아니 선관위를 못믿으면 뭐하러 투표하고있냐;; 그리고 이번총선이나 지난대선만 뭐 특별하게 한거있어 ? 할배들은 예전에 이승만 박정희한테 당한게 있으셔서 그런가 예민하시네	1	1
0	사전투표에 헌법상 불법인 큐알코드까지 굳이 넣어가며 해야 조작이 쉬워지거든.. 꼭 필요함	0	1
0	도서산관ᆢㅜㅡㅜ 도서산관ᆢᆢ ㅜㅡㅜ	0	0
0	사전투표함을 그냥 입출입가능한 동네헬스장에 보관하던데? 이래놓고 뭔 사전투표 ㅋㅋㅋ	0	0
0	anma 돈앖는 애들 그렇게 대변해서 모할라고? 돈있는 사람꺼 뺏어다가 쓰게? 으휴...	0	1
0	자칭 자유민주주의 애국보수라는 분이 투표일 늘어나는건 반대라니...공산주의 혐오하면서 김일성하는짓 따라하네	0	0
0	사전투표하고 투표율 높을수록 자기니들 유리하면 조용히 있었을거면서 트럼프봐라 자기가 진 주에서만 소송걸잖어	0	0
1	미국인 입장에서보면 부정선거가 맞는지 아닌지 조사를 하는게 당연한건데,,거의 모든 언론들이 반트럼프 인건 알고있지만 너무한것 같긴하네,,,현직 대통령이 저정도로 말하는데도 그냥 트럼프 바보만들기로 몰아가고있네,,,미국민 반이 의심을 하는 상황이면 당연히 조사정도는 해야 되는게 당연한건데,,,	720	69	50
1	양치기 소년 같은거랄까...	7	6
1	기사에 나오는 배달되지 못한 표들은 거의 바이든표입니다 ^^	27	16
1	제일 쉬운 방법인듯. 부정선거 프레임은.. 진흙탕으로 몰고가기 젤 쉬워. 트럼프가 난놈은 맞어 ㅋㅋㅋ	8	6
1	우체국 수장이 트럼프 지지자라 일부러 배송지연할거라했는데 역시나 ㅋㅋㅋㅋㅋㅋㅋㅋ 트럼프가 왜 지연된것 까자고 안 하겠냐 ㅋㅋㅋㅋㅋㅋ 그냥 우편투표 무효로 하자 하잖아, 그거다 바이든 표거든 ㅋㅋㅋㅋㅋㅋㅋㅋㅋ 배송지연되면 트럼프가 유리한거야	21	9
1	우체국수장이 트럼프최측근임 우편배송도 인력없다는핑계로 우편배송질질끌었고 그리고 우편은 트럼프보다 바이든에유리한 선거표라 의심할려면 바이든이아니라 트럼프입니다	16	3
1	바보만드는게 아니라 바보죠.	3	4
1	ㄴ 바보	0	0
1	전 세계가 짱깨머니에 휩싸였다는 증거지	8	2
1	매번 안했는데 트럼프만난리고	0	0
1	우편투표가 바이든 표가 많은 게 문제가 아니라 우편투표 시스템 자체가 너무 허술하고 시스템적 문제가 있으므로 면밀하게 살펴봐야 한다는 것이다!! 문빠들은 니편 내편 밖에는 몰라??	11	5
1	Trump가 구라 치는게 아니고, 그 반대입니다. 돈땜에 거짓말하시는 경제인분들 정치인분들. Trump는 Pandemic터졋을 때 Virus라고 공격당햇습니다. 갑자기 언론사 태도가 바뀌엇습니다. 영국 여왕과 왕족들도 알 것입니다.	4	5
1	kyk7**** 어디 기사죠? 저 미국 기사보는데 그런 내용은 없는데요 ㅎㅎ	0	0
1	공산주의자들은 그 딴거 신경 안씀	1	0
1	ㅋ바이든이 공산주의자라고 ㅋ야 원래 미국민주당이 옛날 흑인노예제 폐지반대하던뎅ᆢㅋㅋ뭐알고말해 ㅋㅋ그리고 월가 주가오른가봤나ㅋㅋ럼프되면 더않좋아진다	0	3
2	워터마크 검색하면 반전내용나옴 트럼프가그냥하는말이 아녔던듯 투표용지에비밀리에찍어논코드때문에 부정투표를알수있는증거가빼박이라고함	321	36	18
2	부정선거를 알수있는증거가 있음 제시함 대통령되도 탄핵되것죠	3	1
2	미국이란 세계 최고의 기술력을 가진 국가에서 부정선거를 시도하는데 굳이 표시를 해서 부정선거를 들킨다? 말이 되는거 같아요?	15	7
2	말이 된다고 봅니다.	3	2
2	말 돼지 소 닭 재앙 ㅋㅋㅋ	0	0
2	워터파크나 가라	1	4
2	왜 말이 안되져? 뛰는놈 위에 나는놈 있고 수십조 투자해서 그것만 개발된다면 나라를 호락호락할수 있는데. 재벌들이 가만있겠어여	1	1
2	ㄴ그니까 수십조 들여서 개발한게 고작 사기도박에서나 쓰이ㄴ는 수준이겠냐고 ㅋㅋㅋ 미국민 반이 의심? 트럼프 지지층이나 그러고있지 대부분 여기선 트럼프 새벽연설하는거 사실상 패배선언으로 받아들였는데 ㅋㅋㅋㅋ 니네 패턴 ㅈㄴ뻔한거 알긴하냐?  진보나 보수나 결국 자기 지지쪽이 밀리면 이거저거 트집 잡고 발악해보다 결국 다 뽀록나고 몇 달안에 잠잠해지잖어 ㅋㅋ 차이나게이트니 총선부정이니 백날 떠들어봐야 제대로 된 물증이나 증거가 나온거있냐? 대가리 든겇없는 놈들의 바이블인 유튜브빼고?? 인지부조화에서 좀 벗어나서 현실을 사셈 ㅋ	4	2
2	진짜 안타깝다 안타까워.. 그렇게나 명백한 증거가 있으면 실적에 눈이 먼 법조계 사람들이 눈에 불을 키고 달려들텐데 그런 인간 봤어? 누가봐도 헛소리니까 그런 사람이 안나오는거야...	3	2
3	우리나라는 안 그랬을 것 같냐?ㅋㅋㅋ	224	31	11
3	증거 가져오라니까? ㅋㅋㅋㅋㅋ	6	20
3	사법부도 한통속,소송진행 안시킴	8	1
3	중공 뒷돈으로 온 세계가 몸살을 앓게 되는구나. 아 이미 우한바이러스로 세계를 초토화시켜놨지. 중공 뇌물 받아먹는 것들과 친중 친북 빨갱이들 모조리 개작두 맛을 보길 간절히 바란다.	11	1
3	그러니까재검하고문제점은 수정해야된다 그래야신뢰가지	3	0
3	뇌피셜 아직도냐?ㅋ	0	2
3	한국은 연습용 미국은 실전이었지 자꾸 음모론으로 몰고 가시는데 재검표 가자고요. 그러면 그넘의 음모론도 끝나는데 대체 왜 이렇게까지 질질 끄나요? 치킨 씰이 살짝 흠나도 매장에 전화해서 난리치면서 충분히 의심해야 하는 증거들이 널러 있는데 음모론 취급하다니ㅋㅋㅋ	7	3
3	심각하다. 대한민국 노인들 망상 수준이 매우 심각하다.	2	5
3	증거는 넘쳐남. 여기 짧은글에다 이미지까지 넣고 해보란 개소리나 찍찍 싸대는 놈들은 검색좀 해봐라. 증거 뭐가 나왔는지 단 1개도 제대로 알고있는게 없는주제에 음모론새	1	0
3	사법부가 한통속이면 김경수에게 실형줬겠냐? 믿고싶은것만 믿고 살면 정치병 걸려서 정신병자된다 난 박근혜 당선되었을때도 의심이 있었지만 승복했다 민주주의니깐	1	1
3	아 증거 안받는다고 ㅋㅋㅋ. 증거 벌써 다 없앴다고 ㅋㅋㅋ	0	0
3	증거는 가세연 , 극우블로그 , 극우유투브 그리고 뇌피셜	3	1
3	증거있다고 난리치는 놈들중애 결국 유튜브이상의 소스를 가져오는 놈 난 한번도 못 봄 ㅋㅋㅋhttps://www.nec.go.kr/abroad/bbs/view/B0000342/40991.do?menuNo=801030&searchYear=&searchMonth=&searchWrd=&searchCnd=&viewType=&pageIndex=1&section=20&searchOption1=선관위피셜이니까 좀 읽어보고나 난리치던가 그렇게 생각들이 없이 내가 손해보니까 다 거짓이고 악이다란 마인드로 가득하니 사고의 수준이 고작 거기서 멈춘거	1	1
3	민주당빠인데 이명박근혜도 부정투표함 증거는 니들이찾으셈 쨋든 있음	0	1
4	그냥 프랑스처럼 현장투표만하고 투표장에서 바로 개표해라 선거는 효율성이아니라 공정성이 중요하니	76	1	14
5	여기랑 똑같누 ㅋ	63	14	0
5	ㅋㅋㅋ 다들 직원실수 ㅋㅋㅋ	0	0
5	논란일자 '실수'  ㅋㅋㅋㅋㅋ	2	0
5	사람 죽여도 실수 ㅋㅋㅋ	0	0
5	제네실수	0	0
5	4000천표?  그거 찌질이 럼프 줘버려라. 그래도 아무상관없다.	0	0
6	우리도 사전투표 없애는게 맞다. 투표일에 죄다 놀러가고 사전투표 할거면 투표일에 왜 쉬는 거야	50	3	5
6	너 유권자 아니지? 급식이 어른들 일하는데 왈가왈부니 투표당일에 투표를 할수없는 일이 있거나 생기는 사람들 위해서 하는거다 모르면 아가리 싸닥치고있어라 투표하지도 않는새213끼가	0	0
6	투표일에 일하는 사람도 많다. 나도 그중 한명이고.... 남 입장도 좀 생각해라.....	1	2
6	ㄴ 투표일 아닌날도 일하는데 어쩌피 일해서 못하는건 매한가지 아님?	0	0
6	ㄴ 토요일은 격주로, 일요일은 정기적으로 쉬고 임시공휴일은 일한다.... 임시공휴일에 꼬박 꼬박 쉬는 사람이 몇이나 되겠냐??	0	0
6	그날 투표해서 그날 개봉하는게 맞다고 본다 사전투표도 바꿔치기 조작가능성을 배제할수가 없다는거	0	0
7	평상시도 아니고 최고등급 보안  상황이었을텐데 실수???  ㅋㅋㅋ 개가 웃겠다. 이런 실수가 나올것 같으면 우편 투표 자체를 없애야지. 300표로도 당선이 엇갈리는판에..	43	1	5
8	이건 불복할만 하다 저따위로 해서 무려 4000표가 분실하는데 다른 결과도 어찌 믿어	41	0	0
9	트럼프를 너무 빙다리 핫바지로 보는듯 . 2018년도 부터 쭈욱 올해 7월까지 우편투표 언급 . 투표지 워터마크 박아놓고 다 예상했던 대로 흘러감 . 잘하면 바이든 짱개 두마리 동시에 잡을지도 .	32	1	0
10	저 미배송된 투표 파병군인꺼임 ㅋㅋㅋㅋ 미국은 한국처럼 억지로 끌려간 어줍잖은 군인이 아니라. 미군에 엄청난 자부심을 갖는 사람들이라 트럼프표가 많음. 트럼프가 해군 사관학교 연설에서 월급 올려준다했었음. 군인은 사기가 중요하기때문에 누구보다 평소에 군인대접 많이 했을 트럼프가 압도적 우위를 점하지. 이제 중공과 손잡은 미국 민주당은 교도소 가야할 듯	20	0	0
10	와우 소름.  대박이네요	0	0
11	한국 사전투표도 저랬죠...갈린 표...	18	2	1
12	아무리 실수라도 4천통을 잃어버리는게 가능한가?	16	0	0
12	혹시 4천통 분실을 발각당한게 실수??	0	0
13	다 딥스의 계획이다 한국을 표본으로 부정선거 예행연습한후 지들도 ㅋ 미국은 늘 꺠끗했는데 트럼프가 딥스 기득권 과 전쟁을 선포했으니 어떻게든 트럼프 제거하려고 발버둥을 치지 그런데 이번기회에 다 뽀록나서 처형될줄알아라	18	4	1
13	👌👌👌	0	0
14	웃기는 일이지... 흑인이 선관위 직원도 아닌데, 우편투표함을 통째로 받아서 튀는 장면도 누가 찍었더라. 우편투표는 부정선거다. 우리나라의 사전선거도 마찬가지 였지. 뭐, 우리는 1분만에 수십Km 거리를 투표함이 이동했더라. ㅎㅎㅎ 이런데도 범법자들이 버젓이 큰소리 치고 활개를 치고 있어.. 이게 나라냐?	15	2	1
14	맞습니다	0	0
15	저런것을 보면 애초 우편투표니 사전투표니 관외투표니 하는건 다 없내는게 맞다. 군인이나 특별한 사정이 있는 사람은 부재자 투표를 실시해야 하고 모든 투표함은 투명한 투표함에 24시간 공개되도록 하고 투표함이 있는곳에서 불특정 다수의 참관자들 입회하에서 공개하는게 가장 공정하다. 여기에 하나더 일본처럼 투표용지에 자필 서명하고 스티커로 숨길수 있게 한 뒤 저런 문제가 발생했을 경우 자기 표를 찾을수 있게 해야 의심을 피할 수 있다.	13	2	1
16	사전투표 자체가 애매 모모함...그날 당일날 자신의 손으로 투표소 가서 찍는게 정상이라봄...사전투표는 앞으로 폐지하는게 정상이라봄...	12	1	0
17	사전투표 없애는게 답이다.	9	1	0
17	👍	0	0
18	와...미국이나 한국이나...뭔 부정선거 증거만 나타나면 직원의 실수...사소한 관리부실 이런걸로 마무리하려고 하는거 같네? ㅋㅋ	9	1	1
18	반대로 생각하면 직원의 실수나 사소한 과실인데 그걸 부정선거 증거라고 주장하는게 이상한 거지.	0	3
18	아하 ㅋㅋ 그런 실수가 용납이 된다고 보는건가 선거인데?? ㅋㅋㅋ 사소해??  내가 사소하다고 쓰니깐 진짜 사소한줄 아나보넹 ㅎㅎㅎ 그런 머리면 더이상 대화가 안되는거지^^	1	0
19	민주당측이 트럼프를 복구불능으로 무너뜨리려면 투명하게 공개해서 부정선거가 아니라는걸 증명하면 된다. 애초에 더 당당해지면 되는것이다. 만약 근데 그것을 회피한다면 더욱 의혹만 증폭된다.	8	0	3
20	바이든 지지자라는 사람이 도로에서 투표함 들고 드라이브스루로 투표용지 수거하는 아이러니한 장면이 실제로 찍힘...	6	0	0
20	그검둥이 민주당지지자,ㅋ	0	0
21	펜실베이니아는 바이든 후보가 초반 개표 때 득표율 10%포인트 이상 뒤졌지만 후반에 우편투표가 개표되면서 초박빙 경합지역으로 양상이 변했다.---> 새벽4시에 13만표가 도착하더니 개표해보니 바이든표였다 그때부터 트럼프를 따라잡았다.. 웃기는 시나리오 아닌가?	6	1	1
21	안 웃기는데요. 미국은 역사적으로 사전 투표는 늘 민주당표가 압도적으로 많았어요. 미국민들은 다 알고 있는 일이지요. 트럼프는 그걸 잘 알고 있으니까 온 힘을 다해서 막으려는거고.  그거 열면 시간이 갈 수록 트럼프에게는 불리해지니까...  현장투표한 표에서 압도적으로 차이가 나야 트럼프에게 유리한건데 불안해 진거지요. 트럼프의 장점은 끝판 뒤집기를 잘 한다는 건데 이번에는 우편을 포함한 사전투표가 역사상 가장 많은 1억 200만명이나 되니 어마어마한 민주당표가 거기 있는거죠. 4년전 총 투표인구의 73%나 됩니다.	1	3
21	투표율 100% 이상은 어떻게 설명할 겁니까 가짜뉴스입니까 궁금해서 그냥	0	0
21	개 헛소리하네! 좌파 민주당은 항상 우편투표로 부정선거를해와서 트럼프가 선거 시작 전 일치감치 우편투표 못믿겠다고 말해온것이다. 지금 전 지역에서 민주당표중 만 18세 안된 사람들, 사망신고되어있는 사람들, 거주자 집 주소가 틀린 사람들, 참관인 못들어오게해놓고 민주당파 사람들끼리 개표, 미시건에서는 우체국직원이 11월 3일 이후표는 back date하라고 시켰다고 불었고, 연방우체국에서도 투편투표가 분실된거 인정했다. 제대로나 알고 떠들어라 개 좌파 민주당파인가? 한심하다 진짜 좌파에 눈 뒤집혀서 개 헛소리나하고있네 진짜	0	0
22	옛날부터 생각하고 그냥 느낌(Feel)이 사전투표는 충분히 조작가능하다고 본다. 그걸 관리하는사람과 견제하는 인원이 충분하지 않기에 충분히 마음만먹으면 조작가능할거같다.	5	0	3
22	근데 문제는 조작은 트럼프가 더 했을거 같다는거지	1	0
23	1850년생 1900,1902년생 등등 무슨 서부개척 마무리 즈음에 태어난 150세가 넘은 사람들이 투표를 하고ㅋㅋㅋㅋ 죽은 유령이 투표를하고ㅋㅋㅋㅋㅋ 애초에 선거에 관련도 없는 흑인들이 드라이브 스루로 우편 대신 발송해주겠다고 우편 걷어가고ㅋㅋㅋㅋㅋㅋ 트럼프 찍은 표들이 쓰레기통, 길바닥에서 발견되고ㅋㅋㅋㅋㅋ 아니 여기나 저기나 민주당은 본투표 빼고는 다 조작함ㅋㅋㅋㅋ 대단하다. 차이나머니	5	0	1
24	차이나 게이트 시진핑 문재앙 오줌 지렸노?	5	0	0
25	우편투표는 부정이 판칠수 있는 원시적 선거제도 같다.	5	0	0
26	트럼프꺼만 쪽 빼서 잃어 버렸군 거대한 사기다 프리메이슨 박살내자	5	1	0
27	사전투표 없애고 공휴일로 지정해서 무조건 회사 쉬게해야함	4	1	0
28	바이든이 되던 트럼프가 되던 상관 없이 우편투표가 분실됐다면 우편투표 전체적으로 조사 들어가야 한다고 생각 함 1표라도 분실 됐어도 말이 안되는데 4천표 진짜 아님 4천명 사람들 모두 투표권 제대로 행사 되어야 함	3	0	0
29	트럼프가 선거 불복해도 할말이 없네......ㅉㅉㅉㅉㅉㅉㅉㅉㅉㅉㅉ 연방대법원판결로 결정해야할듯.........	3	0	0
30	이번참에 우리도 점검했음 좋겠다	3	0	0
31	우리나라 사전투표고 재외국민투표고 뭐고 다 없애고 현장투표만 인정해야 한다	3	0	0
32	우편선거표 다 수집하여 조사 하라.뭔가 조작되다.어마어마 한 부정선거가 숨어 있다.	3	0	0
33	4표도 아니고 4천표를 단순 직원실수로 분실한다고?? 장난하냐??	3	0	0
33	무게가 얼마나 될지 궁금 하군여 ㅋㅋ	0	0
34	사전투표  문제 많다. 당일  해도 부정선거  논란이 이는데..사전투표 하면  투표당일까지  그투표가 그대로  보관이  되고  있는지   알수가  없다.일부 선거인단 지지자들이  투표기구를   밤에 빼돌린다면  그건 물증이  없는한  잡기  힘들다.사전투표는  권력욕  강한   독재자들에게 휘둘릴  위험이  있다.	3	0	1
35	우편투표를 분실했다는건 바이든에게 불리한거 아니냐 누구소행인지 안봐도 비됴네ㅋㅋ	4	2	0
36	코로나땜에 친민주당성향 사람들이 우편투표 많이했다는데 표분실된거면 트럼프쪽이 빼돌린거아니야?	3	1	0
36	미국군인들표랍니다..군인들이 보수성향이죠	0	0
37	우편투표는 대부분 바이든에게 우호적인 표일 테니 많이 분실될수록 트럼프에게 유리할 듯	2	0	1
38	그 옛날 이 땅의 가짜 보수들이 하던 투표용지 사기를 트럼프가 답습하는구나	2	0	0
39	트럼프가 화날만하네	2	0	0
40	미국도 완전 개판이구만 한국하고 똑같이	2	0	0
41	우편투표가 분실되면 트럼프가 유리하지...도란프 ㅋㅋ	2	0	0
42	노스캐롤라이나 완전 미국판 전라도아이가	2	0	0
43	이 기사는 반트럼프 단체가 트럼프가 지 꼬봉을 대가리로 앉힌 연방 우체국에다가 소송걸었다는 얘기입니다	2	0	1
44	사전 우편투표 분실이면... 코로나19로 바이든 지지하는 사람들이 많을텐데.... 바이든에서 문제제기해야 되는 부분 아닌가?	2	0	0
45	부정선거! 중공이 한국도 모자라 미국까지! 하지만 미국은 누가 대통령 되어도 반중공정책이다. 바이든이 되어도 반중....한마디로 먹튀! 단지 자기가 당선되기 위해 부정투표 중공에 의뢰한거지~	2	0	0
46	분실이면 트럼프에게 이득이잖아? 분실때문에 사기라고 주장하는 건 어리석은 일이지. 우편은 바이든 표가 우세하니까. 무조건 우편투표가 사기다. 라고 주장하는 건 트럼프나 할 짓이다. 그만한 증거가 있어야 하는데, 현재로선 없지.	6	5	0
47	우리나라 바이든 지지자 프로 댓글러들아 니들이 백날 떠들어봤자 미국대선에 한표의 영향도 없으니까 계속 떠들어봐라	3	2	0
48	우리나라에서도 저번 4.15총선에 부정선거가 총체적으로 이뤄졌음.. 드러난 부정선거의 증거가 여러 수천, 수만 가지다. 선관위와 우체국 택배 등 관련자들에 대한 검찰의 철저한 수사와 처벌을 촉구한다!	3	2	0
49	우리는 코로나로 인해 소위 선진국이라며 동경하던 나라들의 민낮을 보았다. 유럽과 미국은 시민의식도 없고 정부의 통제도 따르지 않고 중구난방인 나라들이었다. 또한 미국은 세계에 평화니 질서니 떠들어대고 미국인들도 인종차별 반대를 외치면서 정작 남들 몰래 백인우월주의자에 표를 주고 트럼프 당선과 동시에 KKK단 네오나치 같은 백인우월주의 단체들이 설치는 아직도 남북전쟁이 끝나지 않은 나라였다. 자신감을 가지자. 저런 미개한 나라들에 우리가 꿀릴것이 무엇인가? 앞으로는 아시아의 시대다. 우리도 강대국 선진국이 될 수 있다. 쫄거 없다.	3	2	0
50	바이든 이새기 우편투표 좀 수상하긴하다; 득표 비율이 존나 비현실적임 12만표vs300표가 말이되나	2	1	0
50	ㅋㅋㅋ 사전 투표 승복 못한 사람들 논리 ... 얘네들이 날 이렇게 싫어 할리 없어 ㅋㅋㅋ. 그렇게 자기가 왕따인지 모르고 ...	0	0
50	진짜 비현실적인 득표수다 ㅋㅋㅋ 비율로 따지면 트럼프가 1%도 못 득하고, 거의 0:100인건데 말이 되나 이게 ㅋㅋㅋ	0	0
51	우리나라도 사전투표 없애고 재선거 해야함	2	1	2
52	우편투포 사전투표 사기..원조  저번 국회 선거가 원조지..ㅉ	2	1	0
52	정답.	0	0
53	우편투표가 바이든의 무기인데 그럼 트럼프  짓 아니냐?	2	1	1
54	우편투표 할거면 전국민 우편투표하지 왜 누구는 투표장 가나. ㅋㅋ 우편투표라는 걸 시행했다는 게 웃기다~ 사전투표도 똑같!	1	0	0
55	손바닥으로 하늘을 가릴 수 없다	1	0	0
56	직원실수?????	1	0	0
57	투표 용지를 저렇게 취급하는데, 부정선거 가능성이 있긴 할수도	1	0	0
58	미국도....어케 사회가 참  후진국 같냐쪽수와 돈되는 기술을 가지고 부자나라 같지만...실상은 그지같은 나라같다	1	0	0
59	럼프형이(극우) 소송을 위해서 치운거 아닐까요?	1	0	0
60	우편투표는    하지말아야한다   .  사전투표도  그렇고     투표하는날해야한다   .  개표도   기 계로   하지말고   사람손으로   해야한다  .  그래야   어느정도   투명한선거가   될것이다   .  아오  시황제는   좋겠 따   . 중국은   개나  돼지로  살아서  좋겠 따   .	1	0	0
61	이건 바이든이 역으로 소송 걸 일 아니냐 ?	1	0	0
62	근데 역전승이 ㅈ나 작위적으로 느껴지는게 나뿐인가 ㅇㅅㅇ .	1	0	0
63	미국은 선거제도 부터 바꿔야함.	1	0	0
64	분실  ?  트럼프가  시간끌고  ㅋ  그  밑바닥애들이  흠쳣네  안봐 도 비디오다	1	0	0
65	미국은 썩어도 미국이구나. 부정선거 이야기까지 나오지만 어느 주건 한명한테 70%이상 몰표때리는 동네가 없네. 미국 일개 주보다 작은 유사동맹국 "그" 지역에서는 상상도 못할 일인데 ㅋㅋㅋㅋㅋ	1	0	0
66	총기 사용 늘릴려고 국민의 분노를 이용 하다니 미국은 정의로운 나라에서 괴물이 되었다. 더이상 미국 의존 적인 동맹을 벗어나 평화를 위한 동맹을 이룩 하자! 대한민국 국민이 단결하면 못이룰 수 있는 일은 없을 것이다!	1	0	0
67	우편투표=관외사전투표, 우리나라 부정선거는 못 밝혔지만, 트럼프형 미국 부정선거는 반드시 밝히자	1	0	0
68	사실 우편투표는 다른 사람이 대리할수도 있는것 아닌가? 우편으로 용지 받아서 기표해서 우체국에 보내는건데 누가 기표했는지 어떻게 알까? 막말고 빈민가로 날라온거 그냥 누군가가 받아서 똑같이 기표하면 뭐....그러다 보니 흑인 라티노 표들이 민주당 성향이니 무더기로 나오고 그랬는것 같다. 우리나라 도입할까 걱정된다. 이게 민주주의 투표방식이 맞긴한가? 미대선과 코로나 볼때 미국은 미개한 나라가 맞다. 물론 몇프로의 천재들이 다 먹여 살리지만...	1	0	0
69	황당하네. 애초 우편투표나 사전투표는 100% 조작을 염두에 둔 헛점들이 숭숭 뚫린 제도인데, 저런 제도를 운용한단 자체가 공산당놈들에게 나라 내주는 행위지.	1	0	0
70	결국 짱개들의 개인정보 해킹이 선거에 쓰이는거였구만 . 필요도 없는 한국인 미국인 개인정보를 해킹하는 이유가 있었네 . 기업 , 게임회사 인수등으로 쉽게 정보 캐낼수 있으니 .	1	0	0
71	저 정도로 허술하면  한 사람이 중복투표 다른 사람 대리투표 죽은 사람 백골투표 어린애등 미자격자 황구투표도  가능하지 않냐? 부정투표하겠다고 맘 먹으면  못 걸러낼 거 같은데	1	0	0
72	중공의 바이든지지 여론조사만으로 사전투표 우편투표는  무조건 바이든이아니면 이상하다고하는게 중공의상식인가  그러니 공산국가지	1	0	0
73	투표는 국가가 지정한 장소에서 비밀을 지키면서 하는것이지, 개인이 집에서 투표하고 우편 보낸다?당사자가 한 것인지? 대리인 한것인지? 매매한 투표인지? 누가아냐?	1	0	0
74	우리도 절대 사전투표하지말자.박근혜때 사전투표가 부정의 온상이며라며거품물던 대깨문 지인.4.15선거때사전투표 독려하더라.사전투표는 없어져야할 적폐다	1	0	0
75	우리가먼저 당했다ㅋㅋㅋ우린 눈뜨고 코베였는데미쿡은 다르다 역쒸	1	0	0
75	정답.	0	0
76	우리는 왜 조사를 않나?	1	0	1
77	범인 잡고보니 트럼프 똘마니 아녀? ㅋㅋ	1	0	0
78	본인이 대통령인 상황에서 본인이 부정투표를 운운하면 본인이 행정부 통솔을 못했다는 말이지...	1	0	0
79	민뭐시기가 미국가서  훔친거 아니야	1	0	0
80	이쯤되면 선거 자체가 무효네..연방대법 갈것없이 선거 차제가 무효야...이승만때 있던 부정투표가 21세기 미국에서 일어나다니 기가막히다	1	0	0
80	트 이득이니까! 이건 합법이지 ㅋㅋㅋ.	0	0
81	짱개통신 블룸버그가 보도했으면 사실상 이번 선거는 야바위 판 이란걸 선언한셈.  부정선거 증거물들 속속 드러나고 있고... 아무래도  얼빵한 시진삥-바이든이 트럼프가 쳐 놓은 덫에 걸린듯. ㅎㅎ	1	0	1
82	우편 투표도 저 정도 표본이면 분포가 일반 표와 동일해야 정상이다. 특정 정당이 우편 투표에 강하다면 이상한거다.	1	0	0
82	생각 좀 해봐라 왜? 그런지!	0	0
82	우편 투표가 이상한 것임... 현장 투표가 되야지...	0	0
83	우리는 이미 경험한 일이라 새롭지도 않네	1	0	2
84	개판 오분전이네 ㅋㅋ	1	0	0
85	진짜 개판이다 사망자명으로 유권자우편봉투가 가질않나 거리에 버려지질 않나 우편투표는 진정성 신뢰성이 없다 대선발표이후3~7일까지 접수받는다니 얼마나 개판인가	1	0	0
86	우리나라에서 실험하고 실행했네ㅋㅋㅋ 우리도 총선다시해야함	2	2	0
87	우리나라하고 완전 판박이네 우리도 본투표에선 국민의 힘이 앞서가더니 사전투표에서 다 민주당 몰표나오는거랑 넘 흡사하다..	2	2	0
87	대깨문은 항상 우기기는 대마왕들이지 때쓰면 다 되는줄 아는 것들	0	2
88	미국은 부정선거 일등인듯 답없다	1	1	2
89	무효로 만들려고, 트럼프가 시켰네!	1	1	0
89	뭔 개쌉소리세요 ㅋㅋㅋ 누가 누구를 보고 무효로 만들라고해 민주당 바이든 놈이지 ㅋㅋㅋ	0	0
90	우와..격전지에서 4천표 분실? 이게 과연 분실일까?조직적으로 부정투표에 관여한 조직이 있을것 같다.왜그리 올여름부터 트럼프가 우편투표의 부당성을 알렸는지 알겠네. 아무리 트럼프가 싫어도 이건 아니지..	1	1	1
90	그럴까? 러스트벨트주들이 공화당 성향인대? ㅋㅋㅋ	0	0
91	미국도 한국처럼  선거조작?	1	1	0
92	좌익빨갱이 민주당은 벌써부터  바이든하고 남북미 정상회담 계획하고있던데  진짜 나라 미래따위  안중에도없고 그저 북한	1	1	2
93	4 15 보면 사전투표도 부실부정 덩어리인데 깜깜이 우편투표 말이되냐 완전 사기선거에 당한 트럼프 입장에서는 억울하고 당연히 소송해야지	1	1	0
94	진짜 엉망진창이네 저런 나라가 세계 최강국이라니 ㅉㅉ	1	1	0
95	4000표분실에, 11월3일 이후 우편은 날짜 조작하라지시받은 우체국직원실토에, 여기저기서 바이든 표중 만 18세 안된 사람들, 사망신고되었거나, 죽기 일보직전사람들, 주소지 등록 안된 사람들, 선거율이 100%넘는 사람들, 옆동네가서 또 선거한 사람들 등 엄청난 부정이 저질러졌다. 우편투표 부정선거는 공화당측에서 옛날부터 문제제기해온것. 좌파들이나 항상 이런 더러운짓을 한다. 한국이나 미국이나.	0	0	0
96	돼람푸가 시킨거네  ㅋㅋㅋㅋㅋ 우편으로 처 발리니까 돼지새기	0	0	0
97	짱개 조작땜에 온세계가 시끄럽네 쥐세끼는 완전 박멸해야됨	0	0	0
98	트럼프 혼자 싸우네.전부 좌파들 무리.트럼프. 힘내라ㅏㅏㅏㅏㅏㅏ	0	0	0
99	아주 난리다 난리	0	0	0
100	조작여부를 떠나서 우편투표 문제가 많네	0	0	0
101	투표율 네바다 125% 펀실베니아 109% 노스캐롤라이나 106% 위스콘신 105% 미시간 105% 아리조나 101% 이거부터가 중국산 선거 조작 인증한거지 일생에 선거를 해봤어야 조작도 하는거지 조작도 무식하게도 해놨음	0	0	0
101	병원에서 탈출했냐. 트럼프가 좋아하는 폭스 뉴스라도 봐라. 병자야.	1	0
102	삼립 제과    언제  미국   진출했노	0	0	0
103	문제제기는 누구나 제기할 권리가 있고 의무이기도 하다. 의혹이 있는지 없는지 검증하는 것도 민주주의를 수호하는 일임.	0	0	1
104	헐	0	0	0
105	걸핏하면 우편물 분실하는 나라에서 뭔 생각으로 우편투표 운용하는지 의문이긴하다	0	0	0
106	사필귀정  이명박근혜 감옥가고 트럼프는?	0	0	0
106	야 유튜브찾아보면 CCTV에 걸린 우체부도있다 앛지도못하면 조용히나있어라 우편투표 완전 사기다.	0	0
107	미국은 대선 역사상 언제나 사전투표는 민주당에 몰표가 많이 나왔다. 트럼프측은 당연히 그걸 알고 있다. 그런데 이번에는 우편투표까지 미리 했으니... 사전투표 시기만해도 바이든이 트럼프를 한참 앞지르고 있던 시기여서 사전투표나 우편투표 열면 트럼프한테는 불리한데 무슨 수를 써서라도 막으려하겠지. 그걸 알고 있는 트럼프는 몇개월 전부터 선포를 했다. 승부에서 밀릴경우 불복하겠다고... 그럼 뭐야! 트럼프가 이길겨우는 우편투표도 공정한거로 치겠다는건가?	0	0	0
107	개 헛소리하네! 좌파 민주당은 항상 우편투표로 부정선거를해와서 트럼프가 선거 시작 전 일치감치 우편투표 못믿겠다고 말해온것이다. 지금 전 지역에서 민주당표중 만 18세 안된 사람들, 사망신고되어있는 사람들, 거주자 집 주소가 틀린 사람들, 참관인 못들어오게해놓고 민주당파 사람들끼리 개표, 미시건에서는 우체국직원이 11월 3일 이후표는 back date하라고 시켰다고 불었고, 연방우체국에서도 투편투표가 분실된거 인정했다. 제대로나 알고 떠들어라 개 좌파 민주당파인가? 한심하다 진짜 좌파에 눈 뒤집혀서 개 헛소리나하고있고	0	0
108	거기나 여기나 돌I들 많구나	0	0	0
109	민주주의표본 미국에서 저거 확실하게 안 하면 미국 내전일어남	0	0	1
110	오래된 관행이지 뭐	0	0	1
111	이글을 시진핑이 싫어합니다	0	0	0
112	수상하네	0	0	0
113	대굴빡이 정상이면 중국하고 붙어먹은 좌좀바퀴새끼 뽑겠냐 괜히 천조국이아니다	0	0	0
114	그놈의 실수 실수 진짜 욕나오네 그럼 초중고 때도 반장선거 할때 반 인원수 제대로 개표수 안나오면 재투표하는데 나라를 움직이는 선거인데 백번양보해서 재투표는 아니래도 재검표는 자유민주주의 나라에선 당연한거야! 그걸 원하는 트럼프를 꼴보기 싫은 사람은 사회주의 나라로 가라 좀 제발	0	0	0
115	근데 투표용지를 저런식으로 운반하다니ㅋㅋㅋ대박이다 그냥 부정선거 하세요 같은데?ㅋㅋㅋㅋ	0	0	0
116	이정도의 접전이면 재검표 해야겠는데	0	0	0
117	재개표 검표를  해야한다	0	0	0
118	위조 우편 투표로 갑자기 바이든 득표율이 오른듯하다	0	0	0
119	국짐당 떨거지 알바댓글 우루루 몰려든다.	0	0	0
120	우편투표에 불리한 세력들이 가져 갔데.	0	0	0
120	미연방 우체국 직원과 트씨네 결탁	0	0
121	그럼 뭐해 니가 코로나만 잘 통제 했어도 널 지지해줄텐디 자기가 코로나 통제도 못하고 걸리고 이제와서 아무리 불법이라고 해도 미국 코로나 확진자를 봐봐 그리고 미국만을 생각하는 미국인디 미국인을 가장많이 죽이고 대통령을 또 할려고 해.	0	0	0
122	중국몽	0	0	0
123	바이든 몰표만 나오니까 희한하다는거지 무슨 1960년대 고무신 나눠주던 시절도 아니고 몰표가 나오냐고	0	0	1
124	사전 우표 전산 다 없애라	0	0	0
125	사전투표는 찬성하는데... 우편투표는 좀 아닌듯..	0	0	0
126	전과정 공개상태로 당일날 투표해서 당일날 개표하는게 가장투명함.. 사전투표? 우편투표??맘만 먹으면 농간부리는건 식은죽먹기아닌가?	0	0	0
127	그 4천표가 다 트럼프 뽑은 표겠지 그리고 ㅋㅋㅋㅋㅋ	0	0	0
128	사전투표니..우편투표니..다 민주당에 유리한건데~ 하이튼, 한국이건 미국이건...보수들이;;;;;;;	0	0	0
129	이미 공정성이 깨졌다. 이건 무효지	0	0	0
130	정치하는것들 하나같이 야비하고 하는짓이 드러운건미국이나 한국이나 또이또이네 니미	0	0	0
131	사전 투표, 우편 투표가 말이 되냐 당장 폐지 해야지 대놓고 조작 하기 쉽게 만든 법임	0	0	0
132	아니 저렇게 바구니에 담아서 그냥 옮기는 거야?? ㅡ.ㅡ 저러니까 잃어버렸지... 황당하다 진짜	0	0	0
133	국내선거는 한마디도 못하다가,  미국선거는 정의를 찾으실려구 네네	0	0	0
134	트럼프가 이럴줄알고 투표용지에다가 마크달고 브럭체인 등록햇다는 카더라가 잇던데  지켜봐야 할것같습니다	0	0	0
135	거기서 거기  그?이 그?   어느나라든 똑같은것 같음	0	0	0
136	미국도 실수실수실수?? 한국 선거조작 위원회 실수 타령하는 거랑 똑갈네? 이름이 선거"관리"위원횐데.. 관리가 개판이면 존재 자체가 의미 없는거 아니냐!!	0	0	0
137	아직도 덜된나라같아....	0	0	0
138	우편투표는 가짜 선거용. 좌파는 이기는 방법을 알고 있다.	0	0	0
139	짜장은 지구의 암이다.. 미국까지 저 똥탕을 치네..	0	0	0
140	실수란다ㅋㅋㅋㅋㅋㅋㅋㅋㅋㅋㅋㅋㅋㅋㅋㅋㅋㅋ	0	0	0
141	나라가 완전 개판이고	0	0	0
142	미국의 민낯 남의 나라에 꼰대 짓! 저희 나라나잘 하지 ㅉㅉ	0	0	0
143	이거봐 ㅋㅋㅋㅋ 이래도 민주주의?	0	0	0
143	4월 선거 이후 우리나라에서도 저 기사 본거 같은데 ㅋㅋㅋㅋㅋ	0	0
144	부정선거 욕하던 놈들 다 어디로 잠수탔냐? 이래도 아니라고 조작이라고 지껄일거냐?	0	0	0
145	트럼프파 연방우체국장의 농간 일까 ?	0	0	0
146	이제야 진실에 눈을 떳는가?	0	0	1
147	우편투표용지는   도착했으나  스캔과저미누락되었나요? 다시확인처리바랍니다~소중한   표입니다!	0	0	0
148	바이든이 우리나라와 같은 식으로 이긴것 같네 ㅠ	0	0	0
149	미국... 선거제 정말 후진듯... 선거 하나도 제대로 못치는게 뭔 세계 최선진국인지...	0	0	0
150	사전투표, 우편투표 너무너무 싫다 ... 수시도 싫다 ... 공정한 사회로 가자!!!	0	0	0
151	미국 골때리네  우찌  유권자가투표한 투표지를분실하누  후진국 밎네	0	0	0
152	무조건 찾아야 하는거 아니냐? 우편투표는 지금 모든 주에서 바이든이 유리한데... 펜실베니아 노스캐롤라이나 다 지금 트럼프 우세한 지역이니까 찾아야함 ㅡㅡ	0	0	0
153	트런프는 다계획이 있다며!	0	0	0
153	럼	0	0
154	미국넘들 히는게 우리나라 택배보다 못하난	0	0	0
155	중공의 바이든지지 여론조사만으로 언론에휘둘려서 사전투표 우편투표는  무조건 바이든이아니면 이상하다고하는게 중공의상식인가  그러니 공산국가지  시진핑 언제 죽음? 홍콩 독립만세 티벳독립만세  내몽골 독립만세	0	0	0
156	조작들통날것 같으니 분실로 무마하려는갑네...ㅋㅋㅋ 좌빨들 하는짓이 역시 문재앙급이군	0	0	1
157	트럼프 만약 당선되면 신의 뜻이다,,,	0	0	0
158	썩은 양심의 나라~	0	0	0
159	왜 저래~~ㅠ	0	0	0
160	트럼프가 되든 바이든이 되든 친중하는 새끼들 다 족쳐라 18	0	0	0
161	트럼프 무조건 이긴다 만약 지면 예전으로 다신 못돌아간다	0	0	0
162	트럼프는 유권자들한테 우편 투표하지  말랬으니 바이든이 이길확륜이 많지 당연	0	0	0
163	또람프 빼돌림..에 옆집 또라이 건다	0	0	0
164	조사해야지 당연히	0	0	0
165	에이미의 시간이 다가오네...	0	0	0
166	분실됐으면 무조건 바이든이 손해인데... 트럼프 이넘 감방갈 짓 하는구나	0	0	0
166	https://www.sedaily.com/NewsVIew/1Z7ZR7ZOAH아니네 ㅋㅋ	0	0
167	일베 기자	0	0	0
168	우편투표가 분실되면 트럼프가 유리한 거 아님?	0	0	0
169	귀걸이에 문신, 남자인지 여자인지 스모키 화장..... 성정체성이 불분명한 미국 민주당 소속의 선관위.....  부정선거 확실하다.	0	0	1
170	문제많구만. 우편투표하고 기간안에도착하고 집계해야하는건데... 그기간 지나서도착하고분실하고 이러니 트럼프가 이렇게나오는거지.	0	0	0
171	어처피 4천표 이상 차이로 이기면 별 소용 없음. 4천표 이내로 승패가 갈릴시 문제가 되긴 하겠지	0	0	0
171	지금 얼마 조사안했을거임4000표 분실된거 알고 다른 주도 조사하면 훨씬 더 나올껄	0	0
172	팩폭 럼프형 4000표 정도론 대세가 바뀌진 않지. 너도 알고 있잖아??	0	0	0
173	트럼프한테 4000표 줘라 풉	0	0	0
173	ㅋㅋㅋ니깟게 뭐길래 주라마라야 ㅋㅋ재산세 120만원 일년에 두번 낸다고 질질짜는놈이ㅋ	0	0
173	너 언제까지 잠수타냐ㅋㅋ설마 형 때문에? 형은 너랑 얘기하고싶을뿐이다.	0	0
174	등,쉰들 어휴 ㅋㅋ	0	0	1
175	세계 최고 it업체들이 모여있는 나라답지 못하네	0	0	0
176	ㅋ 개.똥 같은 나라 ㅋ	0	0	2
177	트럼프가 빼돌렸건 바이든이 빼돌렸건...수천표가 뭉텅이로 날아갈 수 있다는 것 자체가재앙 아니냐?	0	0	0
178	우편집배원이 택배 배달하는데. 신성한 한표 배달 신경쓰겠냐?	0	0	0
179	사전투표가  우편투표가 아닌 직접투표는  문제 없다.  미국애들은  무슨일하나 대충대충하는 애들이다.  특히  흑인애들 힘만 세고  무식한애들 많아미국이 강대국이 된건  세계  여러나라 인재들을  끌어들였기 때문이다.	0	0	0
180	민경욱이는 몰라도 미국 대통령까지 했던 사람이 아무리 또라이라도 근거 없이 조작이라고 그랬겠냐 증거 못잡으면 국가적 망신도 아닌 전세계적 망신에 자기 인생 자체가 부정당할텐데.. 앞으로 계속 지켜봐야 할듯	0	0	0
181	간단하다 우편투표 전면 무효화 하고 우편투표한사람들만 재투표 해라 한국도 마찬가지	0	0	0
182	직원이 저따구로 옮기는데 분실이 안되겠냐 사전투표 당장 폐지해라 더불어서 부재자투표도 폐지해라 민주주의가 다 죽는다 좌파독재 막아야한다	0	0	0
183	직원들이 경합주에서만 실수했다 ㅋㅋㅋ	0	0	0
184	워터 마크 ㅋㅋㅋ	0	0	0
185	사전투표하고는 성격이 좀 다르지.. 사전투표도 어찌됐는 선관위에서 관리하는 곳에서 투표를 하는 거니까.. 그에 비해 우편투표는.. 음.. 좀 부정이 생길 수 있는 확률이 많이 높아지기는 하지..	0	0	0
186	차라리 온라인으로해라ㅋㅋ 이게뭔난리ㅋㅋㅋ 대혼란이네ㅋㅋ	0	0	0
186	온라인은 더 주작이 쉽지여 ㅋㅋㅋ 현장투표만 해야함 800KM달려달려	0	0
187	이건 100% 트럼프 지지자  범인이다...  우편투표는  바이든이  유리하거든...  트럼프 무섭다	0	0	0
188	직원이트럼프지지자였나보네	0	0	0
189	우편잃어버리면 바이든손해이지 트럼프손해아닙니다 오히러 이득이지 트럼프가 우편표에서 밀려 개표중단소송까지가서 기각당하는중인데요	0	0	1
190	우편투표가 뭐냐  미국은 동사무소 없냐	0	0	0
191	우편투표면 바이든표잖아.	0	0	0
192	우리나라는 부정선거 말도 안꺼내는데!!! 미국부터 깨끗하게 밝혀주세요!!	0	0	0
193	우편투표가 누락되면 트럼프가 유리한 건데...	0	0	0
194	사전투표 우편투표는 부정투표의 온상이다` 당일 직접투표만이 진짜이다  지금 개판오분전 미대선~~	0	0	0
195	트럼프 주장이면 개이득!!대부분 바이든 일텐데!!	0	0	0
196	영어 읽을 수 있는 사람들은 확인해봐라. 중립으로 평가 받는 AP 기사이다: https://apnews.com/article/election-2020-joe-biden-donald-trump-wisconsin-misinformation-013e89a828a01668ba3da6a2f6f91ca9 핵심내용: 트럼프가 앞설 때 자러 갔다가 부재자투표하고 사전투표 한번에 업로드 되니 엌 사기다 빼애애애액! ㅄ같은놈들이 소셜미디어에 싸지른 글을 근거랍시고 제시할거면 언론 욕하지 마라.	0	0	0
197	초반개표에서 뒤진게 아니고 64퍼인가 그정도까지 미세하게 벌어진게 커진거지. 그뒤 스톱시켜놨는데 나머지에서 앞서 벌어진것보다 월등하게 표차이 줄인거고. 그것도 극후반은 그랫브가 치솟더만. 격전지에서 몰표가 엄청나게 나온거야. 캘리포니아도 서너표까면 트럼프가 한두표는 나오는데. 격전지에서 수십만표중에 수백장나오니 희안한거야. 입장바꿔서 생각하면 이해가 쉬울텐데. 검증해보면 된다. 지금아니면 6개월넘게 뭉갤지도 모르지.	0	0	0
198	이건 진짜로 시가자!!!!!!!	0	0	0
199	이상하긴하네	0	0	0
200	초강대국 미국놈들  아주 웃기는구나 ᆢ 아주 쓰래기들이네 ᆢ 분실표가 있더라두 ᆢ  우편 투표가 부정할 수 있다고 인정하는 순가 당선된 미국 대통령은 다  무효가 되는거네	0	0	0
201	미 대선 결과, 2개월 이상 걸린다--- 그사이에 바이든 치매로 실족사 한다는데---	0	0	0
201	ㅋㅋㅋㅋㅋㅋㅋㅋㅋㅋㅋㅋㅋㅋㅋㅋㅋㅋㅋㅋㅋㅋㅋㅋ엌 그럼 자동으로 ㅋㅋㅋ	0	0
202	오해의 소지가 있을수있는 방법은 원천배제해야한다.의심을 부르고 신뢰도를 떨어뜨리기 때문이다.	0	0	0
203	문재인이 사망시간이얼마안남았다!!!!	0	0	0
204	저기도 빵박스에 담고 운송했나?	0	0	1
205	ㅋㅋ 그게 바이든쪽에서  했냐? 트럼프쪽했으면  했지 ㅋㅋ 비열한  트럼프	0	0	0
206	이시키들  벤치마킹하노	0	0	0
207	미개한것들...이런 나라가 민주주의의 상징이라고? 한심한것들..	0	0	0
208	땅이 커서 그럼 .. 특히 외곽 지역은 진짜 아무것도 없는곳도 있는곳이 미국임 ......	0	0	0
209	어이쿠 손이 미끄러졌네~~	0	0	0
210	공정하게 사전투표는 폐지해야한다	0	0	0
211	어차피 연방대법원까지 갈수밖에없다ㅡ 미국은 간접선거임~~ 이미 증거가 많으니 바이든은 빤스런해야할듯~	0	0	0
212	가지가지하네 ㅋㅋㅋㅋㅋ	0	0	0
213	논란일자 직원실수	0	0	0
214	국가원수를 결정짓는 일인데 직원실수?	0	0	0
215	사전투표는 어차피 분실위험없고 유권자가 직접가고 하니깐 상관없지않아? 격오지근무자나 해외나가있는사람들 빼고.. 근데 우편투표는 개돼지같은거지ㅋㅋ당연조작가능해ㅋㅋ	1	2	0
216	다  끝났는데  먼  논란이야.	1	2	0
217	기사보세요 우편투표가 분실 됐답니다ㅋㅋㅋ바이든에게 불리한거 맞죠?	1	2	0
218	대한민국을 부흥으로 이끌었던 자유와 민주주의를 지킵시다!!! 여러분 트럼프를 응원해 주십시요! 기도해 주십시요! 트럼프가 시작한 공산주의 중국과의 전쟁은 우리나라에 있었던 더러운 부정까지 밝혀내주는 계기가 될거라 믿습니다 응원해 주세요!	1	2	0
218	ㅋㅋ	0	0
219	바이든 찍은 우편투표 표를 분실한듯.	0	1	0
220	현직 대통령이 부정투표했으면 했지~ 권력이 어쨋던 현직 대통령이 발휘할 수있지?후보가 부정투표할 수 있겠습니까?미국의 반이 의심한다는 말은한국에 있는 사람으로어디 데이타를 기반으로 말하는 건지?	0	1	0
221	저거 잘못하믄 바이든이 한방 먹을지도 모르겠네 몇달전에 트럼프가 연방우체국장 자리에 지 똘마니로 집어넣어놨고 대선우편투표때 인력부족 등으로 예산편성 요청들어온거 퇴짜먹였음 그 결과 우체국 시스템에 혼란이 발생할수밖에 없게만든거지 그리고 투표용지에 워터마크가 있다는걸 한참 뒤에 밝힌거도 수상함 이걸 역으로 이용해서 투표용지에 장난쳐놨을지도 모름 아예 애초에 우편투표용지를 대부분 가짜용지로 배포해놨을지도 모르지 트럼프라면 충분히 그런식으로 꼼수 부릴만함	0	1	1
221	바본가? 중국이 이미 장난칠걸 알고있었기때문에  미리부터 준비한거야 트럼프가 6월에 이미 트위터에 썻다글고 장난을쳣다면 왜 우편이 바이든우세냐 트럼프로 우세하게 하지진짜 정신회로좀가동해라	0	0
221	미국뉴스좀보고말해 개표수가 전혀맞지도않고 이미 사망자투표도 무더기로 나오고 너같은 모르는애들이 카더라로 선동하니까 나라가 이꼴이다	0	0
222	미국 우체국(USPS)이라서 괜찮겠나 우려했는데 역시나 ㅉㅉ	0	1	0
223	오ㅡ드뎌 기사다운 기사나오는군요👍	0	1	0
224	사전투표 우편투표는 선거조작 도구로 써먹기 너무 좋음. 민주당 놈들 조작 못하게 하려면 꼭 폐지해야함. 국민의 힘은 뭐하냐 도대체 .. 빨리 없애	0	1	2
225	친일보다 백만배 더 나쁜 친중사대주의자 문빠 ㅋㅋ	0	1	0
226	최후의 승자는 결국 중공이었다.	0	1	0
227	닉슨 워터 게이트 사건보다 더 한 부패 선거 다 우편선거 부정 선거 다. 돈 으로 산 우편 선거다.이번 선거는 무효다.	0	1	0
227	본문 안 읽냐, 아니면 난독증이냐? 우편투표 8할이 바이든 표인데.. 그게 4천표 손실됐으면 누구 손해냐? 또 누가 그런짓 했겠냐?	0	0
227	ㄴ바이든표라도 이건 심각한 문제임 으이구	0	0
228	야들아 USPS 수장이 트럼프한테 기부금 댄 열렬 지지자다 그래서 트럼프가 임명한거고 비용줄인다고 야근없애서 고의로 배송지연시킨다는 의혹이있는데 어째 트럼프가 피해자가 되노 글을 똥꾸망으로 읽나	0	1	0
228	원래 꼴보수들은 기사 안읽고 댓글만 날려. 그래서 본문이랑 전혀 상관없이 기승전 문재인까로 귀결되잖아	0	0
229	저 큰 나라에서 저런 사고가 없다는게 이상한거지 조직적인 누군가의 고의가 아니면 그냥 지나가야지	0	1	1
230	트럼프가 주장한 부정선거랑 이번 우리나라 부정선거건은 아주 자연스럽게 연결될거 같네... ㅋㅋㅋㅋ... 재미있는 드라마 시작한다~~~~	0	1	2
231	우리만큼 허술하게 옮기네.우리나라도 보니 이사짐 소쿠리에 담아 우체국에서 옮기더니.ㅉ 프랑스처럼 현장투표만 해야됨.	0	1	1
232	왜 모든 실수는 바이든이 유리한 방향으로만 일어나냐	1	3	0
233	트럼프 대통령 당선될때도 우편투표있었고 트럼프는 이미 대선조작 의혹까지 받았엇음근데 이제와서 우편투표가 문제다?쟤는 지가 하는말이 역대 미국대통령들 모두 문제가 있다고 말하는걸 아직도 모름 덜떨어진 돈밖에 모르는 장사치임	1	3	0
233	트럼프때 뭔 대선조작 의혹이 있었어  ㅋㅋ 소설쓰고 앉아있네 조선족이냐?	1	0
233	머리가 안좋네. 그때는 우편투표 조작 정황이 없이 정상적인 개표가 됐었지. 지금은? 장난이 아니란 거다. 생각좀 하고 살자.	0	0
234	100퍼센트 부정선거 확실치 되네요. 트럼프 화이팅 합니다 !	0	2	0
235	우체국장을 트럼프 후원자로 임명했으니 뭐...	0	2	1
236	사전투표가필요하긴함 기숙사에있지만 주소지는 본가인 학생들이나 당일 일하는사람들도 투표해야하니까 하지만 듣기만해도 조작이쉬울듯한 우편투표는 굳이왜하는지	0	2	3
236	사전투표 우편투표 2다 조작의 여지가 잇지.	0	0
237	우편투표는 오히려 바이든표가 많을텐데 ㅋ	0	2	0
237	버려진 투표지들이 트럼프 투표지인것이 계속 나오는데 머겠냐 생각좀 하고 댓 달자	0	0
238	나라가 망테크에 올라타니..트럼프같은애가 대통이 되고....밑천 다 드러나네..ㅋㅋㅋㅋㅋ.. 이제  미국 급격히...중국에게 주도권 뺏긴다에  내 전재산 건다.	0	2	0
239	뭐만하면 조작 이젠 지겹다 사전투표 없애라는 애들은 지령받은애들 ㅋ	0	3	1
240	진짜로 그런일이 있다면 또람프가 의심되는군.뭔짓이라도 할 넘이여.	0	3	1
240	야 중국이나가	0	0
240	조선족 댓글좀 차단시켜라	0	0
241	분실된 우편투표는 바이든 표임 어차피 왜냐면 민주당 지지자들이 대부분 우편투표를 했기 때문 오히려 바이든 표만 늘어날 듯	8	14	0
241	왜 바이든 지지가 대부분이 우편투표를했져??	3	1
241	우편투표는 조작이 쉬우니깐요 ㅎ	2	0
241	코로나때문에 바이든이 우편투표 장려했어요	0	0
241	트럼프는 사기라고하고 바이든은 장려하는데 그러면 트럼프 지지자가 우편투표 많이했을까?	0	1
242	트럼프 좋아하는 놈들 수준이 딱 이렇게. 트럼프가 거짓말쟁이에 사기꾼이니 저것들도 트럼프에 불리한 우편투표 어딘가 내다 버린거지. 그렇게 버린게 발견되면 부정투표라고 우기고.	2	8	0
243	이런 트럼프가 대통령이 된다면미국은 X되는거다 정의와 민주 모든것을 포기하는 꼴	0	7	0
243	중국짱깨야 선동그만해라	0	0
244	우리보다 후진적이네. 우리는 선거때 저런일이 전혀없는 깨끗하고 투명한 선거였는데!	0	8	2
244	7시지역인	0	0
244	혼자 달나라 사시나? 415부정선거 모름?	0	0
